Detector,Profile,File,Threshold,Score,TP,TN,FP,FN,Total_Count
DeepLog,standard,benign/2024-02-05_01_benignLoop.csv,1.0,0.0,0,224,0,0,224
DeepLog,standard,benign/2024-02-05_02_benignLoop.csv,1.0,0.0,0,478,0,0,478
DeepLog,standard,benign/2024-02-05_03_benignLoop.csv,1.0,0.0,0,690,0,0,690
DeepLog,standard,benign/2024-02-05_04_benignLoop.csv,1.0,0.0,0,143,0,0,143
DeepLog,standard,benign/2024-02-05_05_benignLoop.csv,1.0,0.0,0,138,0,0,138
DeepLog,standard,benign/2024-02-05_06_benignLoop.csv,1.0,0.0,0,137,0,0,137
DeepLog,standard,benign/2024-02-05_07_benignLoop.csv,1.0,0.0,0,136,0,0,136
DeepLog,standard,benign/2024-02-05_08_benignLoop.csv,1.0,0.0,0,131,0,0,131
DeepLog,standard,benign/2024-02-05_09_benignLoop.csv,1.0,0.0,0,135,0,0,135
DeepLog,standard,benign/2024-02-05_10_benignLoop.csv,1.0,0.0,0,135,0,0,135
DeepLog,standard,benign/2024-02-05_11_benignLoop.csv,1.0,0.0,0,141,0,0,141
DeepLog,standard,benign/2024-02-05_12_benignLoop.csv,1.0,0.0,0,132,0,0,132
DeepLog,standard,benign/2024-02-05_13_benignLoop.csv,1.0,0.0,0,573,0,0,573
DeepLog,standard,benign/2024-02-05_14_benignLoop.csv,1.0,0.0,0,128,0,0,128
DeepLog,standard,benign/2024-02-05_15_benignLoop.csv,1.0,0.0,0,144,0,0,144
DeepLog,standard,benign/2024-02-05_16_benignLoop.csv,1.0,0.0,0,524,0,0,524
DeepLog,standard,benign/2024-02-05_17_benignLoop.csv,1.0,-0.11,0,138,1,0,139
DeepLog,standard,benign/2024-02-05_18_benignLoop.csv,1.0,0.0,0,714,0,0,714
DeepLog,standard,benign/2024-02-05_19_benignLoop.csv,1.0,0.0,0,677,0,0,677
DeepLog,standard,benign/2024-02-05_20_benignLoop.csv,1.0,0.0,0,134,0,0,134
DeepLog,standard,benign/2024-02-06_01_benignLoop.csv,1.0,0.0,0,705,0,0,705
DeepLog,standard,benign/2024-02-06_02_benignLoop.csv,1.0,0.0,0,136,0,0,136
DeepLog,standard,benign/2024-02-06_03_benignLoop.csv,1.0,0.0,0,135,0,0,135
DeepLog,standard,benign/2024-02-06_04_benignLoop.csv,1.0,0.0,0,134,0,0,134
DeepLog,standard,benign/2024-02-06_05_benignLoop.csv,1.0,0.0,0,140,0,0,140
DeepLog,standard,benign/2024-02-06_06_benignLoop.csv,1.0,0.0,0,752,0,0,752
DeepLog,standard,benign/2024-02-06_07_benignLoop.csv,1.0,0.0,0,147,0,0,147
DeepLog,standard,benign/2024-02-06_08_benignLoop.csv,1.0,0.0,0,136,0,0,136
DeepLog,standard,benign/2024-02-06_09_benignLoop.csv,1.0,0.0,0,133,0,0,133
DeepLog,standard,benign/2024-02-06_10_benignLoop.csv,1.0,0.0,0,147,0,0,147
DeepLog,standard,benign/2024-02-06_11_benignLoop.csv,1.0,-0.11,0,137,1,0,138
DeepLog,standard,benign/2024-02-06_12_benignLoop.csv,1.0,0.0,0,136,0,0,136
DeepLog,standard,benign/2024-02-06_13_benignLoop.csv,1.0,0.0,0,132,0,0,132
DeepLog,standard,benign/2024-02-06_14_benignLoop.csv,1.0,-0.22,0,706,2,0,708
DeepLog,standard,benign/2024-02-06_15_benignLoop.csv,1.0,0.0,0,134,0,0,134
DeepLog,standard,benign/2024-02-06_16_benignLoop.csv,1.0,0.0,0,131,0,0,131
DeepLog,standard,benign/2024-02-06_17_benignLoop.csv,1.0,0.0,0,135,0,0,135
DeepLog,standard,benign/2024-02-06_18_benignLoop.csv,1.0,0.0,0,495,0,0,495
DeepLog,standard,benign/2024-02-07_01_benignLoop.csv,1.0,0.0,0,199,0,0,199
DeepLog,standard,benign/2024-02-07_02_benignLoop.csv,1.0,0.0,0,203,0,0,203
DeepLog,standard,benign/2024-02-07_03_benignLoop.csv,1.0,0.0,0,197,0,0,197
DeepLog,standard,benign/2024-02-07_04_benignLoop.csv,1.0,0.0,0,199,0,0,199
DeepLog,standard,benign/2024-02-07_05_benignLoop.csv,1.0,0.0,0,1227,0,0,1227
DeepLog,standard,benign/2024-02-07_06_benignLoop.csv,1.0,0.0,0,201,0,0,201
DeepLog,standard,benign/2024-02-07_07_benignLoop.csv,1.0,0.0,0,1233,0,0,1233
DeepLog,standard,benign/2024-02-07_08_benignLoop.csv,1.0,0.0,0,994,0,0,994
DeepLog,standard,benign/2024-02-08_01_benignLoop.csv,1.0,-0.44,0,204,4,0,208
DeepLog,standard,benign/2024-02-08_02_benignLoop.csv,1.0,0.0,0,1343,0,0,1343
DeepLog,standard,benign/2024-02-08_03_benignLoop.csv,1.0,0.0,0,203,0,0,203
DeepLog,standard,benign/2024-02-08_04_benignLoop.csv,1.0,0.0,0,1131,0,0,1131
DeepLog,standard,benign/2024-02-08_05_benignLoop.csv,1.0,0.0,0,192,0,0,192
DeepLog,standard,benign/2024-02-08_06_benignLoop.csv,1.0,0.0,0,1019,0,0,1019
DeepLog,standard,benign/2024-02-08_07_benignLoop.csv,1.0,-0.33,0,1343,3,0,1346
DeepLog,standard,benign/2024-02-08_08_benignLoop.csv,1.0,-1.4300000000000004,0,388,13,0,401
DeepLog,standard,benign/2024-02-08_09_benignLoop.csv,1.0,0.0,0,201,0,0,201
DeepLog,standard,benign/2024-02-08_10_benignLoop.csv,1.0,0.0,0,189,0,0,189
DeepLog,standard,benign/2024-02-08_11_benignLoop.csv,1.0,0.0,0,199,0,0,199
DeepLog,standard,benign/2024-02-09_01_benignLoop.csv,1.0,-0.44,0,209,4,0,213
DeepLog,standard,benign/2024-02-09_02_benignLoop.csv,1.0,0.0,0,199,0,0,199
DeepLog,standard,benign/2024-02-09_03_benignLoop.csv,1.0,0.0,0,197,0,0,197
DeepLog,standard,benign/2024-02-09_04_benignLoop.csv,1.0,0.0,0,196,0,0,196
DeepLog,standard,benign/2024-02-09_05_benignLoop.csv,1.0,-0.11,0,198,1,0,199
DeepLog,standard,benign/2024-02-09_06_benignLoop.csv,1.0,0.0,0,203,0,0,203
DeepLog,standard,benign/2024-02-09_07_benignLoop.csv,1.0,0.0,0,188,0,0,188
DeepLog,standard,benign/2024-02-09_08_benignLoop.csv,1.0,-0.33,0,193,3,0,196
DeepLog,standard,benign/2024-02-09_09_benignLoop.csv,1.0,0.0,0,196,0,0,196
DeepLog,standard,benign/2024-02-09_10_benignLoop.csv,1.0,0.0,0,1017,0,0,1017
DeepLog,standard,benign/2024-02-09_11_benignLoop.csv,1.0,-0.33,0,1003,3,0,1006
DeepLog,standard,benign/2024-02-12_01_benignLoop.csv,1.0,0.0,0,213,0,0,213
DeepLog,standard,benign/2024-02-12_02_benignLoop.csv,1.0,0.0,0,206,0,0,206
DeepLog,standard,benign/2024-02-12_03_benignLoop.csv,1.0,0.0,0,223,0,0,223
DeepLog,standard,benign/2024-02-12_04_benignLoop.csv,1.0,-0.11,0,1160,1,0,1161
DeepLog,standard,benign/2024-02-12_05_benignLoop.csv,1.0,0.0,0,1225,0,0,1225
DeepLog,standard,benign/2024-02-12_06_benignLoop.csv,1.0,0.0,0,201,0,0,201
DeepLog,standard,benign/2024-02-12_07_benignLoop.csv,1.0,0.0,0,192,0,0,192
DeepLog,standard,benign/2024-02-12_08_benignLoop.csv,1.0,0.0,0,192,0,0,192
DeepLog,standard,benign/2024-02-12_09_benignLoop.csv,1.0,0.0,0,1206,0,0,1206
DeepLog,standard,benign/2024-02-12_10_benignLoop.csv,1.0,0.0,0,192,0,0,192
DeepLog,standard,benign/2024-02-12_11_benignLoop.csv,1.0,0.0,0,1034,0,0,1034
DeepLog,standard,benign/2024-02-13_01_benignLoop.csv,1.0,-0.44,0,965,4,0,969
DeepLog,standard,benign/2024-02-13_02_benignLoop.csv,1.0,0.0,0,194,0,0,194
DeepLog,standard,benign/2024-02-13_03_benignLoop.csv,1.0,0.0,0,1173,0,0,1173
DeepLog,standard,benign/2024-02-13_04_benignLoop.csv,1.0,-0.11,0,200,1,0,201
DeepLog,standard,benign/2024-02-13_05_benignLoop.csv,1.0,0.0,0,1061,0,0,1061
DeepLog,standard,benign/2024-02-13_06_benignLoop.csv,1.0,0.0,0,1218,0,0,1218
DeepLog,standard,benign/2024-02-13_07_benignLoop.csv,1.0,-0.55,0,198,5,0,203
DeepLog,standard,benign/2024-02-13_08_benignLoop.csv,1.0,-0.22,0,199,2,0,201
DeepLog,standard,benign/2024-02-14_01_benignLoop.csv,1.0,-0.44,0,234,4,0,238
DeepLog,standard,benign/2024-02-14_02_benignLoop.csv,1.0,0.0,0,407,0,0,407
DeepLog,standard,benign/2024-02-14_03_benignLoop.csv,1.0,-0.33,0,354,3,0,357
DeepLog,standard,benign/2024-02-14_04_benignLoop.csv,1.0,0.0,0,396,0,0,396
DeepLog,standard,benign/2024-02-14_05_benignLoop.csv,1.0,0.0,0,353,0,0,353
DeepLog,standard,benign/2024-02-14_06_benignLoop.csv,1.0,0.0,0,330,0,0,330
DeepLog,standard,benign/2024-02-14_07_benignLoop.csv,1.0,0.0,0,2479,0,0,2479
DeepLog,standard,benign/2024-02-14_08_benignLoop.csv,1.0,0.0,0,348,0,0,348
DeepLog,standard,benign/2024-02-14_09_benignLoop.csv,1.0,-0.44,0,398,4,0,402
DeepLog,standard,benign/2024-02-14_10_benignLoop.csv,1.0,0.0,0,369,0,0,369
DeepLog,standard,benign/2024-02-14_11_benignLoop.csv,1.0,0.0,0,381,0,0,381
DeepLog,standard,benign/2024-02-15_01_benignLoop.csv,1.0,-0.44,0,352,4,0,356
DeepLog,standard,benign/2024-02-15_02_benignLoop.csv,1.0,0.0,0,361,0,0,361
DeepLog,standard,benign/2024-02-15_03_benignLoop.csv,1.0,0.0,0,355,0,0,355
DeepLog,standard,benign/2024-02-15_04_benignLoop.csv,1.0,0.0,0,2525,0,0,2525
DeepLog,standard,benign/2024-02-15_05_benignLoop.csv,1.0,-0.44,0,357,4,0,361
DeepLog,standard,benign/2024-02-15_06_benignLoop.csv,1.0,0.0,0,2170,0,0,2170
DeepLog,standard,benign/2024-02-15_07_benignLoop.csv,1.0,-0.44,0,375,4,0,379
DeepLog,standard,benign/2024-02-15_08_benignLoop.csv,1.0,-0.44,0,360,4,0,364
DeepLog,standard,benign/2024-02-15_09_benignLoop.csv,1.0,0.0,0,369,0,0,369
DeepLog,standard,benign/2024-02-15_10_benignLoop.csv,1.0,0.0,0,390,0,0,390
DeepLog,standard,benign/2024-02-15_11_benignLoop.csv,1.0,-0.33,0,366,3,0,369
DeepLog,standard,benign/2024-02-15_12_benignLoop.csv,1.0,0.0,0,408,0,0,408
DeepLog,standard,benign/2024-02-15_13_benignLoop.csv,1.0,-0.11,0,405,1,0,406
DeepLog,standard,benign/2024-02-15_14_benignLoop.csv,1.0,-2.4200000000000004,0,387,22,0,409
DeepLog,standard,benign/2024-02-17_01_benignLoop.csv,1.0,-0.33,0,441,3,0,444
DeepLog,standard,benign/2024-02-17_02_benignLoop.csv,1.0,0.0,0,392,0,0,392
DeepLog,standard,benign/2024-02-17_03_benignLoop.csv,1.0,0.0,0,343,0,0,343
DeepLog,standard,benign/2024-02-17_04_benignLoop.csv,1.0,0.0,0,388,0,0,388
DeepLog,standard,benign/2024-02-17_05_benignLoop.csv,1.0,0.0,0,2033,0,0,2033
DeepLog,standard,benign/2024-02-17_06_benignLoop.csv,1.0,0.0,0,327,0,0,327
DeepLog,standard,benign/2024-02-17_07_benignLoop.csv,1.0,0.0,0,2239,0,0,2239
DeepLog,standard,benign/2024-02-17_08_benignLoop.csv,1.0,-0.11,0,344,1,0,345
DeepLog,standard,benign/2024-02-18_01_benignLoop.csv,1.0,0.0,0,345,0,0,345
DeepLog,standard,benign/2024-02-18_02_benignLoop.csv,1.0,0.0,0,334,0,0,334
DeepLog,standard,benign/2024-02-18_03_benignLoop.csv,1.0,0.0,0,321,0,0,321
DeepLog,standard,benign/2024-02-18_04_benignLoop.csv,1.0,-0.33,0,380,3,0,383
DeepLog,standard,benign/2024-02-18_05_benignLoop.csv,1.0,0.0,0,404,0,0,404
DeepLog,standard,benign/2024-02-18_06_benignLoop.csv,1.0,0.0,0,346,0,0,346
DeepLog,standard,benign/2024-02-18_07_benignLoop.csv,1.0,-0.33,0,375,3,0,378
DeepLog,standard,benign/2024-02-18_08_benignLoop.csv,1.0,-0.11,0,384,1,0,385
DeepLog,standard,benign/2024-02-18_09_benignLoop.csv,1.0,0.0,0,343,0,0,343
DeepLog,standard,benign/2024-02-18_10_benignLoop.csv,1.0,0.0,0,406,0,0,406
DeepLog,standard,benign/2024-02-18_11_benignLoop.csv,1.0,-0.11,0,362,1,0,363
DeepLog,standard,benign/2024-02-18_12_benignLoop.csv,1.0,0.0,0,1568,0,0,1568
DeepLog,standard,benign/2024-02-18_13_benignLoop.csv,1.0,0.0,0,370,0,0,370
DeepLog,standard,benign/2024-02-18_14_benignLoop.csv,1.0,0.0,0,1749,0,0,1749
DeepLog,standard,benign/2024-02-18_15_benignLoop.csv,1.0,0.0,0,1673,0,0,1673
DeepLog,standard,benign/2024-02-18_16_benignLoop.csv,1.0,0.0,0,1588,0,0,1588
DeepLog,standard,benign/2024-02-18_17_benignLoop.csv,1.0,0.0,0,376,0,0,376
DeepLog,standard,benign/2024-02-20_01_benignLoop.csv,1.0,0.0,0,432,0,0,432
DeepLog,standard,benign/2024-02-20_02_benignLoop.csv,1.0,0.0,0,332,0,0,332
DeepLog,standard,benign/2024-02-20_03_benignLoop.csv,1.0,0.0,0,386,0,0,386
DeepLog,standard,benign/2024-02-20_04_benignLoop.csv,1.0,0.0,0,1877,0,0,1877
DeepLog,standard,benign/2024-02-20_05_benignLoop.csv,1.0,0.0,0,356,0,0,356
DeepLog,standard,benign/2024-02-21_01_benignLoop.csv,1.0,-0.44,0,376,4,0,380
DeepLog,standard,benign/2024-02-21_02_benignLoop.csv,1.0,0.0,0,385,0,0,385
DeepLog,standard,benign/2024-02-21_03_benignLoop.csv,1.0,0.0,0,388,0,0,388
DeepLog,standard,benign/2024-02-21_04_benignLoop.csv,1.0,0.0,0,2000,0,0,2000
DeepLog,standard,benign/2024-02-21_05_benignLoop.csv,1.0,0.0,0,378,0,0,378
DeepLog,standard,benign/2024-02-21_06_benignLoop.csv,1.0,0.0,0,346,0,0,346
DeepLog,standard,benign/2024-02-21_07_benignLoop.csv,1.0,-0.33,0,2094,3,0,2097
DeepLog,standard,benign/2024-02-21_08_benignLoop.csv,1.0,-0.44,0,373,4,0,377
DeepLog,standard,benign/2024-02-21_09_benignLoop.csv,1.0,0.0,0,346,0,0,346
DeepLog,standard,buffer-io/2024-03-02_02_buffer_io.csv,1.0,1.0,307,1221,0,598,2126
DeepLog,standard,buffer-io/2024-03-02_03_buffer_io.csv,1.0,0.89,110,1848,1,281,2240
DeepLog,standard,buffer-io/2024-03-02_04_buffer_io.csv,1.0,1.0,308,1355,0,498,2161
DeepLog,standard,buffer-io/2024-03-02_05_buffer_io.csv,1.0,1.0,278,1689,0,268,2235
DeepLog,standard,buffer-io/2024-03-02_06_buffer_io.csv,1.0,1.0,308,1633,0,652,2593
DeepLog,standard,buffer-io/2024-03-02_07_buffer_io.csv,1.0,1.0,242,1648,0,525,2415
DeepLog,standard,buffer-io/2024-03-02_08_buffer_io.csv,1.0,1.0,154,1441,0,316,1911
DeepLog,standard,buffer-io/2024-03-02_09_buffer_io.csv,1.0,0.56,275,1400,4,678,2357
DeepLog,standard,buffer-io/2024-03-02_10_buffer_io.csv,1.0,-2.1899999999999995,258,1322,29,55,1664
DeepLog,standard,buffer-io/2024-03-02_11_buffer_io.csv,1.0,1.0,242,1264,0,675,2181
DeepLog,standard,buffer-io/2024-03-02_12_buffer_io.csv,1.0,1.0,286,1318,0,556,2160
DeepLog,standard,buffer-io/2024-03-02_13_buffer_io.csv,1.0,1.0,165,1302,0,458,1925
DeepLog,standard,buffer-io/2024-03-02_14_buffer_io.csv,1.0,0.56,198,1724,4,559,2485
DeepLog,standard,buffer-io/2024-03-02_15_buffer_io.csv,1.0,1.0,319,1238,0,519,2076
DeepLog,standard,buffer-io/2024-03-02_16_buffer_io.csv,1.0,0.89,198,1763,1,533,2495
DeepLog,standard,buffer-io/2024-03-03_01_buffer_io.csv,1.0,0.56,187,1878,4,623,2692
DeepLog,standard,buffer-io/2024-03-03_02_buffer_io.csv,1.0,0.56,121,1707,4,443,2275
DeepLog,standard,buffer-io/2024-03-03_03_buffer_io.csv,1.0,0.999486475165455,117,1725,0,284,2126
DeepLog,standard,buffer-io/2024-03-03_04_buffer_io.csv,1.0,1.0,231,1782,0,351,2364
DeepLog,standard,buffer-io/2024-03-03_05_buffer_io.csv,1.0,1.0,142,2083,0,337,2562
DeepLog,standard,buffer-io/2024-03-03_06_buffer_io.csv,1.0,0.78,242,1328,2,553,2125
DeepLog,standard,buffer-io/2024-03-03_07_buffer_io.csv,1.0,1.0,220,1729,0,275,2224
DeepLog,standard,buffer-io/2024-03-03_08_buffer_io.csv,1.0,1.0,154,1960,0,553,2667
DeepLog,standard,buffer-io/2024-03-03_09_buffer_io.csv,1.0,1.0,306,1267,0,1010,2583
DeepLog,standard,buffer-io/2024-03-03_10_buffer_io.csv,1.0,1.0,132,1671,0,336,2139
DeepLog,standard,buffer-io/2024-03-03_11_buffer_io.csv,1.0,1.0,187,1684,0,649,2520
DeepLog,standard,buffer-io/2024-03-03_12_buffer_io.csv,1.0,1.0,187,1178,0,721,2086
DeepLog,standard,buffer-io/2024-03-03_13_buffer_io.csv,1.0,-1.8599999999999999,190,2169,26,49,2434
DeepLog,standard,buffer-io/2024-03-03_14_buffer_io.csv,1.0,-3.7300000000000004,184,1470,43,93,1790
DeepLog,standard,buffer-io/2024-03-04_01_buffer_io.csv,1.0,0.56,291,1499,4,738,2532
DeepLog,standard,buffer-io/2024-03-04_02_buffer_io.csv,1.0,0.56,286,1124,4,739,2153
DeepLog,standard,buffer-io/2024-03-04_03_buffer_io.csv,1.0,1.0,308,1468,0,490,2266
DeepLog,standard,buffer-io/2024-03-04_04_buffer_io.csv,1.0,1.0,110,1388,0,507,2005
DeepLog,standard,buffer-io/2024-03-04_05_buffer_io.csv,1.0,1.0,264,1698,0,727,2689
DeepLog,standard,buffer-io/2024-03-04_06_buffer_io.csv,1.0,0.6699999999999999,220,1458,3,122,1803
DeepLog,standard,buffer-io/2024-03-04_07_buffer_io.csv,1.0,1.0,164,1424,0,169,1757
DeepLog,standard,buffer-io/2024-03-04_08_buffer_io.csv,1.0,0.44999999999999996,190,1177,5,227,1599
DeepLog,standard,buffer-io/2024-03-04_09_buffer_io.csv,1.0,1.0,187,1595,0,623,2405
DeepLog,standard,buffer-io/2024-03-04_10_buffer_io.csv,1.0,-2.2999999999999994,180,1449,30,45,1704
DeepLog,standard,buffer-io/2024-03-04_11_buffer_io.csv,1.0,1.0,150,1390,0,58,1598
DeepLog,standard,buffer-io/2024-03-05_01_buffer_io.csv,1.0,0.56,264,1524,4,397,2189
DeepLog,standard,buffer-io/2024-03-05_02_buffer_io.csv,1.0,1.0,286,1335,0,409,2030
DeepLog,standard,buffer-io/2024-03-05_03_buffer_io.csv,1.0,0.5597335341941154,253,1950,4,513,2720
DeepLog,standard,buffer-io/2024-03-05_04_buffer_io.csv,1.0,0.56,253,1294,4,782,2333
DeepLog,standard,buffer-io/2024-03-05_05_buffer_io.csv,1.0,1.0,242,1453,0,333,2028
DeepLog,standard,buffer-io/2024-03-05_06_buffer_io.csv,1.0,0.6699999999999999,186,1714,3,426,2329
DeepLog,standard,buffer-io/2024-03-05_07_buffer_io.csv,1.0,1.0,286,1357,0,768,2411
DeepLog,standard,buffer-io/2024-03-05_08_buffer_io.csv,1.0,-15.676898191305783,20,7652,151,625,8448
DeepLog,standard,buffer-io/2024-03-06_01_buffer_io.csv,1.0,0.56,220,1074,4,681,1979
DeepLog,standard,buffer-io/2024-03-06_02_buffer_io.csv,1.0,1.0,319,1467,0,507,2293
DeepLog,standard,buffer-io/2024-03-06_03_buffer_io.csv,1.0,1.0,297,1392,0,840,2529
DeepLog,standard,buffer-io/2024-03-06_04_buffer_io.csv,1.0,0.999932854864833,264,1412,0,742,2418
DeepLog,standard,buffer-io/2024-03-06_05_buffer_io.csv,1.0,1.0,220,1553,0,733,2506
DeepLog,standard,buffer-io/2024-03-06_06_buffer_io.csv,1.0,0.78,330,1745,2,501,2578
DeepLog,standard,buffer-io/2024-03-06_07_buffer_io.csv,1.0,1.0,242,1693,0,414,2349
DeepLog,standard,buffer-io/2024-03-06_08_buffer_io.csv,1.0,-7.1400000000000095,209,3695,74,177,4155
DeepLog,standard,buffer-io/2024-03-07_01_buffer_io.csv,1.0,1.0,224,1405,0,406,2035
DeepLog,standard,buffer-io/2024-03-07_02_buffer_io.csv,1.0,0.56,121,1693,4,223,2041
DeepLog,standard,buffer-io/2024-03-07_03_buffer_io.csv,1.0,1.0,275,1592,0,339,2206
DeepLog,standard,buffer-io/2024-03-07_04_buffer_io.csv,1.0,1.0,209,1442,0,464,2115
DeepLog,standard,buffer-io/2024-03-07_05_buffer_io.csv,1.0,1.0,253,1353,0,620,2226
DeepLog,standard,buffer-io/2024-03-07_06_buffer_io.csv,1.0,1.0,276,1413,0,449,2138
DeepLog,standard,buffer-io/2024-03-07_07_buffer_io.csv,1.0,1.0,110,1247,0,351,1708
DeepLog,standard,buffer-io/2024-03-07_08_buffer_io.csv,1.0,1.0,143,1506,0,484,2133
DeepLog,standard,buffer-io/2024-03-07_09_buffer_io.csv,1.0,-7.580000000000007,220,3133,78,860,4291
DeepLog,standard,buffer-io/2024-03-07_10_buffer_io.csv,1.0,1.0,298,1822,0,408,2528
DeepLog,standard,buffer-io/2024-03-07_11_buffer_io.csv,1.0,1.0,165,1702,0,180,2047
DeepLog,standard,buffer-io/2024-03-07_12_buffer_io.csv,1.0,1.0,286,2031,0,290,2607
DeepLog,standard,buffer-io/2024-03-07_13_buffer_io.csv,1.0,1.0,110,1264,0,516,1890
DeepLog,standard,buffer-io/2024-03-07_14_buffer_io.csv,1.0,1.0,121,1629,0,339,2089
DeepLog,standard,buffer-io/2024-03-07_15_buffer_io.csv,1.0,1.0,176,1780,0,507,2463
DeepLog,standard,buffer-io/2024-03-07_16_buffer_io.csv,1.0,0.8896636654074499,275,1237,1,739,2252
DeepLog,standard,buffer-io/2024-03-08_01_buffer_io.csv,1.0,0.56,209,1461,4,681,2355
DeepLog,standard,buffer-io/2024-03-08_02_buffer_io.csv,1.0,0.9965489239018471,209,1514,0,426,2149
DeepLog,standard,buffer-io/2024-03-08_03_buffer_io.csv,1.0,0.56,220,1261,4,450,1935
DeepLog,standard,buffer-io/2024-03-08_04_buffer_io.csv,1.0,1.0,231,1386,0,394,2011
DeepLog,standard,buffer-io/2024-03-08_05_buffer_io.csv,1.0,0.9994696358355789,141,1648,0,118,1907
DeepLog,standard,buffer-io/2024-03-08_06_buffer_io.csv,1.0,0.56,143,1631,4,168,1946
DeepLog,standard,buffer-io/2024-03-08_07_buffer_io.csv,1.0,0.56,132,1806,4,487,2429
DeepLog,standard,buffer-io/2024-03-08_08_buffer_io.csv,1.0,1.0,286,1643,0,626,2555
DeepLog,standard,buffer-io/2024-03-08_09_buffer_io.csv,1.0,1.0,154,1544,0,452,2150
DeepLog,standard,buffer-io/2024-03-08_10_buffer_io.csv,1.0,1.0,253,1504,0,351,2108
DeepLog,standard,buffer-io/2024-03-08_11_buffer_io.csv,1.0,1.0,110,2300,0,831,3241
DeepLog,standard,buffer-io/2024-03-08_12_buffer_io.csv,1.0,1.0,253,1532,0,779,2564
DeepLog,standard,buffer-io/2024-03-08_13_buffer_io.csv,1.0,1.0,132,1833,0,553,2518
DeepLog,standard,buffer-io/2024-03-08_14_buffer_io.csv,1.0,1.0,132,1716,0,113,1961
DeepLog,standard,buffer-io/2024-03-08_15_buffer_io.csv,1.0,1.0,154,1644,0,290,2088
DeepLog,standard,buffer-io/2024-03-08_16_buffer_io.csv,1.0,1.0,143,1574,0,255,1972
DeepLog,standard,buffer-io/2024-03-08_17_buffer_io.csv,1.0,1.0,165,1710,0,655,2530
DeepLog,standard,buffer-io/2024-03-08_18_buffer_io.csv,1.0,1.0,319,1420,0,526,2265
DeepLog,standard,buffer-io/2024-03-09_01_buffer_io.csv,1.0,1.0,264,1558,0,336,2158
DeepLog,standard,buffer-io/2024-03-09_02_buffer_io.csv,1.0,1.0,231,1389,0,403,2023
DeepLog,standard,buffer-io/2024-03-09_03_buffer_io.csv,1.0,1.0,231,1683,0,519,2433
DeepLog,standard,buffer-io/2024-03-09_04_buffer_io.csv,1.0,0.56,275,1409,4,215,1903
DeepLog,standard,buffer-io/2024-03-09_05_buffer_io.csv,1.0,1.0,256,1543,0,840,2639
DeepLog,standard,buffer-io/2024-03-09_06_buffer_io.csv,1.0,1.0,242,1328,0,458,2028
DeepLog,standard,buffer-io/2024-03-09_07_buffer_io.csv,1.0,0.9990695390147631,286,1370,0,238,1894
DeepLog,standard,buffer-io/2024-03-09_08_buffer_io.csv,1.0,1.0,253,1535,0,394,2182
DeepLog,standard,buffer-io/2024-03-09_09_buffer_io.csv,1.0,1.0,297,1362,0,504,2163
DeepLog,standard,buffer-io/2024-03-09_10_buffer_io.csv,1.0,0.6699999999999999,286,1566,3,626,2481
DeepLog,standard,buffer-io/2024-03-09_11_buffer_io.csv,1.0,1.0,231,1456,0,455,2142
DeepLog,standard,buffer-io/2024-03-09_12_buffer_io.csv,1.0,0.56,228,1490,4,675,2397
DeepLog,standard,buffer-io/2024-03-09_13_buffer_io.csv,1.0,1.0,132,1679,0,553,2364
DeepLog,standard,buffer-io/2024-03-09_14_buffer_io.csv,1.0,1.0,209,1650,0,223,2082
DeepLog,standard,buffer-io/2024-03-09_15_buffer_io.csv,1.0,1.0,176,1533,0,727,2436
DeepLog,standard,buffer-io/2024-03-10_01_buffer_io.csv,1.0,1.0,234,1371,0,636,2241
DeepLog,standard,buffer-io/2024-03-10_02_buffer_io.csv,1.0,1.0,264,1228,0,727,2219
DeepLog,standard,buffer-io/2024-03-10_03_buffer_io.csv,1.0,1.0,285,1198,0,734,2217
DeepLog,standard,buffer-io/2024-03-10_04_buffer_io.csv,1.0,0.6699999999999999,164,1200,3,311,1678
DeepLog,standard,buffer-io/2024-03-10_05_buffer_io.csv,1.0,1.0,231,1953,0,278,2462
DeepLog,standard,buffer-io/2024-03-10_06_buffer_io.csv,1.0,1.0,311,1503,0,783,2597
DeepLog,standard,buffer-io/2024-03-10_07_buffer_io.csv,1.0,1.0,242,836,0,556,1634
DeepLog,standard,buffer-io/2024-03-10_08_buffer_io.csv,1.0,1.0,143,1431,0,568,2142
DeepLog,standard,buffer-io/2024-03-10_09_buffer_io.csv,1.0,1.0,143,1482,0,333,1958
DeepLog,standard,buffer-io/2024-03-10_10_buffer_io.csv,1.0,1.0,165,1439,0,591,2195
DeepLog,standard,buffer-io/2024-03-10_11_buffer_io.csv,1.0,-2.629999999999999,275,3141,33,681,4130
DeepLog,standard,buffer-io/2024-03-10_12_buffer_io.csv,1.0,1.0,286,1693,0,368,2347
DeepLog,standard,buffer-io/2024-03-10_13_buffer_io.csv,1.0,1.0,330,1425,0,632,2387
DeepLog,standard,buffer-io/2024-03-10_14_buffer_io.csv,1.0,0.89,132,1490,1,400,2023
DeepLog,standard,buffer-io/2024-03-10_15_buffer_io.csv,1.0,1.0,253,1695,0,122,2070
DeepLog,standard,buffer-io/2024-03-10_16_buffer_io.csv,1.0,1.0,132,1848,0,252,2232
DeepLog,standard,buffer-io/2024-03-11_01_buffer_io.csv,1.0,0.44999999999999996,285,1390,5,410,2090
DeepLog,standard,buffer-io/2024-03-11_02_buffer_io.csv,1.0,1.0,286,1704,0,296,2286
DeepLog,standard,buffer-io/2024-03-11_03_buffer_io.csv,1.0,0.56,231,1504,4,399,2138
DeepLog,standard,buffer-io/2024-03-11_04_buffer_io.csv,1.0,1.0,198,1287,0,426,1911
DeepLog,standard,buffer-io/2024-03-11_05_buffer_io.csv,1.0,1.0,165,1735,0,61,1961
DeepLog,standard,buffer-io/2024-03-11_06_buffer_io.csv,1.0,0.89,112,1832,1,453,2398
DeepLog,standard,buffer-io/2024-03-11_07_buffer_io.csv,1.0,1.0,286,1342,0,846,2474
DeepLog,standard,buffer-io/2024-03-11_08_buffer_io.csv,1.0,1.0,165,1604,0,513,2282
DeepLog,standard,buffer-io/2024-03-11_09_buffer_io.csv,1.0,1.0,110,1206,0,229,1545
DeepLog,standard,buffer-io/2024-03-11_10_buffer_io.csv,1.0,0.56,187,1271,4,510,1972
DeepLog,standard,buffer-io/2024-03-11_11_buffer_io.csv,1.0,-3.51,143,3430,41,310,3924
DeepLog,standard,buffer-io/2024-03-11_12_buffer_io.csv,1.0,0.889613953773034,139,1601,1,569,2310
DeepLog,standard,buffer-io/2024-03-11_13_buffer_io.csv,1.0,1.0,198,1610,0,568,2376
DeepLog,standard,buffer-io/2024-03-11_14_buffer_io.csv,1.0,0.56,154,1260,4,727,2145
DeepLog,standard,buffer-io/2024-03-11_15_buffer_io.csv,1.0,1.0,308,1275,0,588,2171
DeepLog,standard,buffer-io/2024-03-12_01_buffer_io.csv,1.0,0.56,297,1520,4,559,2380
DeepLog,standard,buffer-io/2024-03-12_02_buffer_io.csv,1.0,1.0,319,1260,0,461,2040
DeepLog,standard,buffer-io/2024-03-12_03_buffer_io.csv,1.0,1.0,249,1596,0,213,2058
DeepLog,standard,buffer-io/2024-03-12_04_buffer_io.csv,1.0,1.0,228,1545,0,458,2231
DeepLog,standard,buffer-io/2024-03-12_05_buffer_io.csv,1.0,1.0,143,1774,0,307,2224
DeepLog,standard,buffer-io/2024-03-12_06_buffer_io.csv,1.0,1.0,274,1216,0,473,1963
DeepLog,standard,buffer-io/2024-03-12_07_buffer_io.csv,1.0,1.0,220,1210,0,455,1885
DeepLog,standard,cpu/2024-03-29_01_cpu-loop.csv,1.0,0.9995736536215971,8,186,0,313,507
DeepLog,standard,cpu/2024-03-29_02_cpu-loop.csv,1.0,0.9995929676092612,7,232,0,329,568
DeepLog,standard,cpu/2024-03-29_03_cpu-loop.csv,1.0,0.9995776616633489,7,233,0,317,557
DeepLog,standard,cpu/2024-03-29_04_cpu-loop.csv,1.0,0.9993534566490475,6,233,0,314,553
DeepLog,standard,cpu/2024-03-29_05_cpu-loop.csv,1.0,0.9995789809845568,7,245,0,318,570
DeepLog,standard,cpu/2024-03-29_06_cpu-loop.csv,1.0,0.999585455860435,8,240,0,322,570
DeepLog,standard,cpu/2024-03-29_07_cpu-loop.csv,1.0,0.999585455860435,7,222,0,323,552
DeepLog,standard,cpu/2024-03-29_08_cpu-loop.csv,1.0,0.9977685942644489,6,235,0,320,561
DeepLog,standard,cpu/2024-03-29_09_cpu-loop.csv,1.0,0.9995841768656027,11,230,0,318,559
DeepLog,standard,cpu/2024-03-29_10_cpu-loop.csv,1.0,0.999587990392456,8,224,0,324,556
DeepLog,standard,cpu/2024-03-29_11_cpu-loop.csv,1.0,0.999581595054231,7,231,0,320,558
DeepLog,standard,cpu/2024-03-29_12_cpu-loop.csv,1.0,0.5577977098082421,7,235,4,323,569
DeepLog,standard,cpu/2024-03-29_13_cpu-loop.csv,1.0,0.9978399882292216,8,226,0,328,562
DeepLog,standard,cpu/2024-03-29_14_cpu-loop.csv,1.0,0.999595411396771,7,232,0,331,570
DeepLog,standard,cpu/2024-03-29_15_cpu-loop.csv,1.0,0.999585455860435,7,236,0,323,566
DeepLog,standard,cpu/2024-03-29_16_cpu-loop.csv,1.0,0.9977611949118813,7,230,0,318,555
DeepLog,standard,cpu/2024-03-29_17_cpu-loop.csv,1.0,0.9996060548785394,7,239,0,340,586
DeepLog,standard,cpu/2024-03-29_18_cpu-loop.csv,1.0,0.559577661663349,8,237,4,316,565
DeepLog,standard,cpu/2024-03-29_19_cpu-loop.csv,1.0,0.999597826016903,7,227,0,333,567
DeepLog,standard,cpu/2024-03-29_20_cpu-loop.csv,1.0,0.9995736536215971,7,225,0,314,546
DeepLog,standard,cpu/2024-03-29_21_cpu-loop.csv,1.0,0.997783247463642,6,229,0,322,557
DeepLog,standard,cpu/2024-03-29_22_cpu-loop.csv,1.0,0.9995828899547724,7,228,0,321,556
DeepLog,standard,cpu/2024-03-29_23_cpu-loop.csv,1.0,0.9995639990082408,8,232,0,306,546
DeepLog,standard,cpu/2024-03-29_24_cpu-loop.csv,1.0,0.9995736536215971,8,224,0,313,545
DeepLog,standard,cpu/2024-03-29_25_cpu-loop.csv,1.0,0.9995695687836159,6,239,0,312,557
DeepLog,standard,cpu/2024-03-29_26_cpu-loop.csv,1.0,0.9993715437637131,7,241,0,322,570
DeepLog,standard,cpu/2024-03-29_27_cpu-loop.csv,1.0,0.9978190535374096,9,233,0,324,566
DeepLog,standard,cpu/2024-03-29_28_cpu-loop.csv,1.0,0.999581595054231,7,229,0,320,556
DeepLog,standard,cpu/2024-03-29_29_cpu-loop.csv,1.0,0.9995709390649925,8,235,0,311,554
DeepLog,standard,cpu/2024-03-29_30_cpu-loop.csv,1.0,0.9995867270120798,7,245,0,324,576
DeepLog,standard,cpu/2024-03-29_31_cpu-loop.csv,1.0,0.999581595054231,9,222,0,318,549
DeepLog,standard,cpu/2024-03-30_01_cpu-loop.csv,1.0,0.9995841768656027,11,235,0,318,564
DeepLog,standard,cpu/2024-03-30_02_cpu-loop.csv,1.0,0.997797709808242,8,233,0,322,563
DeepLog,standard,cpu/2024-03-30_03_cpu-loop.csv,1.0,0.9995802920893468,8,236,0,318,562
DeepLog,standard,cpu/2024-03-30_04_cpu-loop.csv,1.0,0.9995867270120798,7,225,0,324,556
DeepLog,standard,cpu/2024-03-30_05_cpu-loop.csv,1.0,0.9995828899547724,7,222,0,321,550
DeepLog,standard,cpu/2024-03-30_06_cpu-loop.csv,1.0,0.9993676123917579,8,229,0,319,556
DeepLog,standard,cpu/2024-03-30_07_cpu-loop.csv,1.0,0.9995723006501476,7,226,0,313,546
DeepLog,standard,cpu/2024-03-30_08_cpu-loop.csv,1.0,0.9995841768656027,7,235,0,322,564
DeepLog,standard,cpu/2024-03-30_09_cpu-loop.csv,1.0,0.9975097653000755,7,232,0,317,556
DeepLog,standard,cpu/2024-03-30_10_cpu-loop.csv,1.0,0.8878260766331616,9,239,1,325,574
DeepLog,standard,cpu/2024-03-30_11_cpu-loop.csv,1.0,0.9977685942644489,8,227,0,318,553
DeepLog,standard,cpu/2024-03-30_12_cpu-loop.csv,1.0,0.9995892460726062,8,226,0,325,559
DeepLog,standard,cpu/2024-03-30_13_cpu-loop.csv,1.0,0.9978048705696142,8,230,0,323,561
DeepLog,standard,cpu/2024-03-30_14_cpu-loop.csv,1.0,0.9995802920893468,7,244,0,319,570
DeepLog,standard,cpu/2024-03-30_15_cpu-loop.csv,1.0,0.9995639990082408,7,239,0,307,553
DeepLog,standard,cpu/2024-03-30_16_cpu-loop.csv,1.0,0.9995892460726062,7,232,0,326,565
DeepLog,standard,cpu/2024-03-31_02_cpu-loop.csv,1.0,0.9201955912660233,10,0,0,310,320
DeepLog,standard,cpu/2024-03-31_03_cpu-loop.csv,1.0,0.22968222260103266,9,182,7,420,618
DeepLog,standard,cpu/2024-03-31_04_cpu-loop.csv,1.0,0.22968445467804666,9,174,7,423,613
DeepLog,standard,cpu/2024-03-31_05_cpu-loop.csv,1.0,0.22968445467804666,9,184,7,423,623
DeepLog,standard,cpu/2024-03-31_06_cpu-loop.csv,1.0,0.22968371414443445,9,173,7,422,611
DeepLog,standard,cpu/2024-03-31_07_cpu-loop.csv,1.0,0.22968222260103266,9,178,7,420,614
DeepLog,standard,cpu/2024-03-31_08_cpu-loop.csv,1.0,0.2296851917522248,9,195,7,424,635
DeepLog,standard,cpu/2024-03-31_09_cpu-loop.csv,1.0,0.2296814715417269,9,187,7,419,622
DeepLog,standard,cpu/2024-04-01_01_cpu-loop.csv,1.0,0.228398714463244,13,170,7,432,622
DeepLog,standard,cpu/2024-04-01_02_cpu-loop.csv,1.0,0.22968738245887121,9,176,7,427,619
DeepLog,standard,cpu/2024-04-01_03_cpu-loop.csv,1.0,0.2296888260702219,9,174,7,429,619
DeepLog,standard,cpu/2024-04-01_04_cpu-loop.csv,1.0,0.22951943331840718,9,181,7,419,616
DeepLog,standard,cpu/2024-04-01_05_cpu-loop.csv,1.0,0.22967688956228316,9,190,7,413,619
DeepLog,standard,cpu/2024-04-01_06_cpu-loop.csv,1.0,0.22968738245887121,9,183,7,427,626
DeepLog,standard,cpu/2024-04-01_07_cpu-loop.csv,1.0,0.22968297012697703,9,171,7,421,608
DeepLog,standard,cpu/2024-04-01_08_cpu-loop.csv,1.0,0.2296888260702219,11,178,7,427,623
DeepLog,standard,cpu/2024-04-01_09_cpu-loop.csv,1.0,0.2296902564107498,10,176,7,430,623
DeepLog,standard,cpu/2024-04-01_10_cpu-loop.csv,1.0,0.22968071692394998,9,175,7,418,609
DeepLog,standard,cpu/2024-04-01_11_cpu-loop.csv,1.0,0.22838722881454065,9,167,7,433,616
DeepLog,standard,cpu/2024-04-01_12_cpu-loop.csv,1.0,0.2296985697388575,13,171,7,439,630
DeepLog,standard,cpu/2024-04-01_13_cpu-loop.csv,1.0,0.22968222260103266,9,206,7,420,642
DeepLog,standard,cpu/2024-04-01_14_cpu-loop.csv,1.0,0.22968371414443445,9,195,7,422,633
DeepLog,standard,cpu/2024-04-01_15_cpu-loop.csv,1.0,0.8895217071835437,9,161,1,421,592
DeepLog,standard,cpu/2024-04-01_16_cpu-loop.csv,1.0,0.2296937753894217,9,176,7,436,628
DeepLog,standard,cpu/2024-04-01_17_cpu-loop.csv,1.0,0.22969096666150646,9,175,7,432,623
DeepLog,standard,cpu/2024-04-01_18_cpu-loop.csv,1.0,0.2296888260702219,8,171,7,430,616
DeepLog,standard,cpu/2024-04-01_19_cpu-loop.csv,1.0,0.22967611305280822,9,182,7,412,610
DeepLog,standard,cpu/2024-04-01_20_cpu-loop.csv,1.0,0.22831048243698937,9,173,7,414,603
DeepLog,standard,cpu/2024-04-01_21_cpu-loop.csv,1.0,0.22966649519240667,9,181,7,400,597
DeepLog,standard,cpu/2024-04-01_22_cpu-loop.csv,1.0,0.22968665561878887,9,268,7,426,710
DeepLog,standard,cpu/2024-04-01_23_cpu-loop.csv,1.0,0.22967611305280822,9,185,7,412,613
DeepLog,standard,cpu/2024-04-01_24_cpu-loop.csv,1.0,0.22836771586880666,9,168,7,428,612
DeepLog,standard,cpu/2024-04-01_25_cpu-loop.csv,1.0,0.22967688956228316,9,178,7,413,607
DeepLog,standard,cpu/2024-04-01_26_cpu-loop.csv,1.0,0.2296859253911525,9,180,7,425,621
DeepLog,standard,cpu/2024-04-01_27_cpu-loop.csv,1.0,0.2283477254704499,9,178,7,423,617
DeepLog,standard,cpu/2024-04-01_28_cpu-loop.csv,1.0,0.22966976398821215,9,189,7,404,609
DeepLog,standard,cpu/2024-04-01_29_cpu-loop.csv,1.0,0.22967611305280822,9,182,7,412,610
DeepLog,standard,cpu/2024-04-02_01_cpu-loop.csv,1.0,0.2296951606949008,13,179,7,434,633
DeepLog,standard,cpu/2024-04-02_02_cpu-loop.csv,1.0,0.2296859253911525,9,177,7,425,618
DeepLog,standard,cpu/2024-04-02_03_cpu-loop.csv,1.0,0.2296902564107498,9,186,7,431,633
DeepLog,standard,cpu/2024-04-02_04_cpu-loop.csv,1.0,0.22967454878351234,9,182,7,410,608
DeepLog,standard,cpu/2024-04-02_05_cpu-loop.csv,1.0,0.22967995872235247,10,181,7,416,614
DeepLog,standard,cpu/2024-04-02_06_cpu-loop.csv,1.0,0.22967766235751697,9,184,7,414,614
DeepLog,standard,cpu/2024-04-02_07_cpu-loop.csv,1.0,0.22837557737753977,9,168,7,430,614
DeepLog,standard,cpu/2024-04-02_08_cpu-loop.csv,1.0,0.22968445467804666,9,182,7,423,621
DeepLog,standard,cpu/2024-04-02_09_cpu-loop.csv,1.0,0.22968371414443445,12,178,7,419,616
DeepLog,standard,cpu/2024-04-02_10_cpu-loop.csv,1.0,0.2283147031652748,9,178,7,415,609
DeepLog,standard,cpu/2024-04-02_11_cpu-loop.csv,1.0,0.22966976398821215,9,181,7,404,601
DeepLog,standard,cpu/2024-04-02_12_cpu-loop.csv,1.0,0.2296851917522248,9,177,7,424,617
DeepLog,standard,cpu/2024-04-02_13_cpu-loop.csv,1.0,0.2296881059349154,9,181,7,428,625
DeepLog,standard,cpu/2024-04-02_14_cpu-loop.csv,1.0,0.22967137447549446,10,185,7,405,607
DeepLog,standard,cpu/2024-04-02_15_cpu-loop.csv,1.0,0.2296859253911525,9,178,7,425,619
DeepLog,standard,cpu/2024-04-02_16_cpu-loop.csv,1.0,0.22967688956228316,9,179,7,413,608
DeepLog,standard,cpu/2024-04-02_17_cpu-loop.csv,1.0,0.2296895428878758,9,173,7,430,619
DeepLog,standard,cpu/2024-04-02_18_cpu-loop.csv,1.0,0.2296784314650938,9,181,7,415,612
DeepLog,standard,cpu/2024-04-02_19_cpu-loop.csv,1.0,0.22967611305280822,9,183,7,412,611
DeepLog,standard,cpu/2024-04-02_20_cpu-loop.csv,1.0,0.2296791969113452,9,179,7,416,611
DeepLog,standard,cpu/2024-04-02_21_cpu-loop.csv,1.0,0.22970190338177998,9,168,7,448,632
DeepLog,standard,cpu/2024-04-02_22_cpu-loop.csv,1.0,0.22968445467804666,9,178,7,423,617
DeepLog,standard,cpu/2024-04-02_23_cpu-loop.csv,1.0,0.22968665561878887,9,180,7,426,622
DeepLog,standard,cpu/2024-04-02_24_cpu-loop.csv,1.0,0.22967611305280822,9,188,7,412,616
DeepLog,standard,cpu/2024-04-02_25_cpu-loop.csv,1.0,0.22968297012697703,10,181,7,420,618
DeepLog,standard,cpu/2024-04-02_26_cpu-loop.csv,1.0,0.2296791969113452,9,183,7,416,615
DeepLog,standard,cpu/2024-04-02_27_cpu-loop.csv,1.0,0.22968222260103266,9,188,7,420,624
DeepLog,standard,cpu/2024-04-02_28_cpu-loop.csv,1.0,-0.21032080308865497,9,180,11,416,616
DeepLog,standard,cpu/2024-04-02_29_cpu-loop.csv,1.0,0.22967995872235247,9,182,7,417,615
DeepLog,standard,cpu/2024-04-02_30_cpu-loop.csv,1.0,0.2296937753894217,9,174,7,436,626
DeepLog,standard,cpu/2024-04-03_01_cpu-loop.csv,1.0,-0.2116244226224604,9,163,11,430,613
DeepLog,standard,cpu/2024-04-03_02_cpu-loop.csv,1.0,0.22968222260103266,9,171,7,420,607
DeepLog,standard,cpu/2024-04-03_03_cpu-loop.csv,1.0,0.22836375654012708,9,173,7,427,616
DeepLog,standard,cpu/2024-04-03_04_cpu-loop.csv,1.0,0.22967995872235247,9,179,7,417,612
DeepLog,standard,cpu/2024-04-03_05_cpu-loop.csv,1.0,0.22968445467804666,9,189,7,423,628
DeepLog,standard,cpu/2024-04-03_06_cpu-loop.csv,1.0,0.22968071692394998,8,182,7,419,616
DeepLog,standard,cpu/2024-04-03_07_cpu-loop.csv,1.0,0.2296859253911525,9,178,7,425,619
DeepLog,standard,cpu/2024-04-03_08_cpu-loop.csv,1.0,0.22828905801878296,8,169,7,410,594
DeepLog,standard,cpu/2024-04-03_09_cpu-loop.csv,1.0,0.2296784314650938,9,179,7,415,610
DeepLog,standard,cpu/2024-04-03_10_cpu-loop.csv,1.0,0.22968222260103266,9,185,7,420,621
DeepLog,standard,cpu/2024-04-03_11_cpu-loop.csv,1.0,0.22833959168371865,9,177,7,421,614
DeepLog,standard,cpu/2024-04-03_12_cpu-loop.csv,1.0,0.22838336359937372,9,173,7,432,621
DeepLog,standard,cpu/2024-04-03_13_cpu-loop.csv,1.0,0.2296784314650938,9,177,7,415,608
DeepLog,standard,cpu/2024-04-03_14_cpu-loop.csv,1.0,0.22968222260103266,9,178,7,420,614
DeepLog,standard,hdd/2024-01-15_01_hdd.csv,1.0,0.9999108149576164,637,517,0,121,1275
DeepLog,standard,hdd/2024-01-15_02_hdd.csv,1.0,1.0,362,830,0,521,1713
DeepLog,standard,hdd/2024-01-15_03_hdd.csv,1.0,1.0,637,531,0,606,1774
DeepLog,standard,hdd/2024-01-15_04_hdd.csv,1.0,1.0,527,755,0,527,1809
DeepLog,standard,hdd/2024-01-15_05_hdd.csv,1.0,1.0,484,165,0,146,795
DeepLog,standard,hdd/2024-01-15_06_hdd.csv,1.0,0.89,296,301,1,8,606
DeepLog,standard,hdd/2024-01-15_07_hdd.csv,1.0,1.0,417,331,0,11,759
DeepLog,standard,hdd/2024-01-15_08_hdd.csv,1.0,0.9999077629290182,505,140,0,228,873
DeepLog,standard,hdd/2024-01-15_09_hdd.csv,1.0,1.0,351,351,0,8,710
DeepLog,standard,hdd/2024-01-16_01_hdd.csv,1.0,1.0,472,153,0,118,743
DeepLog,standard,hdd/2024-01-16_02_hdd.csv,1.0,1.0,439,321,0,20,780
DeepLog,standard,hdd/2024-01-16_03_hdd.csv,1.0,0.89,279,277,1,225,782
DeepLog,standard,hdd/2024-01-16_04_hdd.csv,1.0,1.0,494,96,0,222,812
DeepLog,standard,hdd/2024-01-16_05_hdd.csv,1.0,1.0,263,314,0,112,689
DeepLog,standard,hdd/2024-01-16_06_hdd.csv,1.0,1.0,648,274,0,240,1162
DeepLog,standard,hdd/2024-01-16_07_hdd.csv,1.0,1.0,378,322,0,118,818
DeepLog,standard,hdd/2024-01-18_01_hdd.csv,1.0,1.0,208,101,0,21,330
DeepLog,standard,hdd/2024-01-18_02_hdd.csv,1.0,1.0,212,307,0,62,581
DeepLog,standard,hdd/2024-01-18_03_hdd.csv,1.0,0.44999999999999996,362,316,5,115,798
DeepLog,standard,hdd/2024-01-18_04_hdd.csv,1.0,1.0,450,243,0,173,866
DeepLog,standard,hdd/2024-01-18_05_hdd.csv,1.0,1.0,538,212,0,182,932
DeepLog,standard,hdd/2024-01-19_01_hdd.csv,1.0,0.56,274,308,4,124,710
DeepLog,standard,hdd/2024-01-19_02_hdd.csv,1.0,0.56,307,296,4,112,719
DeepLog,standard,hdd/2024-01-19_03_hdd.csv,1.0,1.0,549,227,0,125,901
DeepLog,standard,hdd/2024-01-19_04_hdd.csv,1.0,1.0,659,18,0,344,1021
DeepLog,standard,hdd/2024-01-19_05_hdd.csv,1.0,1.0,649,125,0,234,1008
DeepLog,standard,hdd/2024-01-19_06_hdd.csv,1.0,0.78,351,154,2,170,677
DeepLog,standard,hdd/2024-01-19_07_hdd.csv,1.0,1.0,241,155,0,167,563
DeepLog,standard,hdd/2024-01-19_08_hdd.csv,1.0,0.9984381106753597,656,0,0,57,713
DeepLog,standard,hdd/2024-01-19_09_hdd.csv,1.0,1.0,603,111,0,85,799
DeepLog,standard,hdd/2024-01-19_10_hdd.csv,1.0,0.9999316978209905,648,126,0,341,1115
DeepLog,standard,hdd/2024-01-19_11_hdd.csv,1.0,1.0,604,126,0,289,1019
DeepLog,standard,hdd/2024-01-19_12_hdd.csv,1.0,1.0,318,263,0,8,589
DeepLog,standard,hdd/2024-01-19_13_hdd.csv,1.0,1.0,648,220,0,292,1160
DeepLog,standard,hdd/2024-01-19_14_hdd.csv,1.0,1.0,450,218,0,119,787
DeepLog,standard,hdd/2024-01-20_01_hdd.csv,1.0,0.56,285,330,4,60,679
DeepLog,standard,hdd/2024-01-20_02_hdd.csv,1.0,1.0,395,200,0,115,710
DeepLog,standard,hdd/2024-01-20_03_hdd.csv,1.0,0.9998305006938907,340,311,0,60,711
DeepLog,standard,hdd/2024-01-20_04_hdd.csv,1.0,1.0,516,164,0,118,798
DeepLog,standard,hdd/2024-01-20_05_hdd.csv,1.0,0.9994410426814154,186,277,0,60,523
DeepLog,standard,hdd/2024-01-20_06_hdd.csv,1.0,0.6699999999999999,230,224,3,63,520
DeepLog,standard,hdd/2024-01-20_07_hdd.csv,1.0,1.0,615,105,0,442,1162
DeepLog,standard,hdd/2024-01-20_08_hdd.csv,1.0,0.9997233226807621,186,503,0,60,749
DeepLog,standard,hdd/2024-01-20_09_hdd.csv,1.0,1.0,307,212,0,170,689
DeepLog,standard,hdd/2024-01-20_10_hdd.csv,1.0,1.0,538,253,0,179,970
DeepLog,standard,hdd/2024-01-20_11_hdd.csv,1.0,1.0,142,341,0,5,488
DeepLog,standard,hdd/2024-01-20_12_hdd.csv,1.0,0.9998423941721657,318,261,0,112,691
DeepLog,standard,hdd/2024-01-20_13_hdd.csv,1.0,1.0,428,231,0,118,777
DeepLog,standard,hdd/2024-01-20_14_hdd.csv,1.0,0.89,186,368,1,8,563
DeepLog,standard,hdd/2024-01-20_15_hdd.csv,1.0,1.0,494,193,0,170,857
DeepLog,standard,hdd/2024-01-20_16_hdd.csv,1.0,1.0,153,257,0,57,467
DeepLog,standard,hdd/2024-01-20_17_hdd.csv,1.0,1.0,329,176,0,121,626
DeepLog,standard,hdd/2024-01-20_18_hdd.csv,1.0,1.0,350,167,0,145,662
DeepLog,standard,hdd/2024-01-21_01_hdd.csv,1.0,0.5599167640146188,575,258,4,237,1074
DeepLog,standard,hdd/2024-01-21_02_hdd.csv,1.0,1.0,593,233,0,182,1008
DeepLog,standard,hdd/2024-01-21_03_hdd.csv,1.0,1.0,373,344,0,14,731
DeepLog,standard,hdd/2024-01-21_04_hdd.csv,1.0,0.89,153,294,1,170,618
DeepLog,standard,hdd/2024-01-21_05_hdd.csv,1.0,1.0,494,195,0,289,978
DeepLog,standard,hdd/2024-01-21_06_hdd.csv,1.0,1.0,505,190,0,182,877
DeepLog,standard,hdd/2024-01-21_07_hdd.csv,1.0,0.9998588959271609,307,317,0,173,797
DeepLog,standard,hdd/2024-01-21_08_hdd.csv,1.0,1.0,329,243,0,170,742
DeepLog,standard,hdd/2024-01-21_09_hdd.csv,1.0,1.0,252,333,0,60,645
DeepLog,standard,hdd/2024-01-21_10_hdd.csv,1.0,1.0,175,300,0,118,593
DeepLog,standard,hdd/2024-01-21_11_hdd.csv,1.0,1.0,307,331,0,118,756
DeepLog,standard,hdd/2024-01-21_12_hdd.csv,1.0,1.0,230,227,0,60,517
DeepLog,standard,hdd/2024-01-21_13_hdd.csv,1.0,1.0,395,142,0,179,716
DeepLog,standard,hdd/2024-01-21_14_hdd.csv,1.0,1.0,516,151,0,173,840
DeepLog,standard,hdd/2024-01-21_15_hdd.csv,1.0,1.0,659,104,0,399,1162
DeepLog,standard,hdd/2024-01-21_16_hdd.csv,1.0,1.0,263,222,0,173,658
DeepLog,standard,hdd/2024-01-21_17_hdd.csv,1.0,1.0,571,341,0,78,990
DeepLog,standard,hdd/2024-01-22_01_hdd.csv,1.0,1.0,565,96,0,184,845
DeepLog,standard,hdd/2024-01-22_02_hdd.csv,1.0,1.0,615,199,0,292,1106
DeepLog,standard,hdd/2024-01-22_03_hdd.csv,1.0,1.0,362,377,0,69,808
DeepLog,standard,hdd/2024-01-22_04_hdd.csv,1.0,1.0,615,24,0,234,873
DeepLog,standard,hdd/2024-01-22_05_hdd.csv,1.0,0.8868660225082943,397,336,1,200,934
DeepLog,standard,hdd/2024-01-22_06_hdd.csv,1.0,1.0,219,178,0,112,509
DeepLog,standard,hdd/2024-01-22_07_hdd.csv,1.0,1.0,318,219,0,115,652
DeepLog,standard,hdd/2024-01-22_08_hdd.csv,1.0,1.0,497,83,0,48,628
DeepLog,standard,hdd/2024-01-22_09_hdd.csv,1.0,1.0,571,284,0,127,982
DeepLog,standard,hdd/2024-01-22_10_hdd.csv,1.0,1.0,615,191,0,289,1095
DeepLog,standard,hdd/2024-01-22_11_hdd.csv,1.0,1.0,395,217,0,173,785
DeepLog,standard,hdd/2024-01-22_12_hdd.csv,1.0,0.9998552587729932,351,491,0,117,959
DeepLog,standard,hdd/2024-01-22_13_hdd.csv,1.0,1.0,241,322,0,121,684
DeepLog,standard,hdd/2024-01-22_14_hdd.csv,1.0,0.89,318,162,1,66,547
DeepLog,standard,hdd/2024-01-22_15_hdd.csv,1.0,0.9998734689161256,432,321,0,103,856
DeepLog,standard,hdd/2024-01-22_16_hdd.csv,1.0,1.0,186,314,0,60,560
DeepLog,standard,hdd/2024-01-22_17_hdd.csv,1.0,1.0,230,316,0,14,560
DeepLog,standard,hdd/2024-01-23_01_hdd.csv,1.0,0.12,516,127,8,124,775
DeepLog,standard,hdd/2024-01-23_02_hdd.csv,1.0,1.0,428,181,0,283,892
DeepLog,standard,hdd/2024-01-23_03_hdd.csv,1.0,1.0,516,366,0,177,1059
DeepLog,standard,hdd/2024-01-23_04_hdd.csv,1.0,1.0,472,113,0,173,758
DeepLog,standard,hdd/2024-01-23_05_hdd.csv,1.0,1.0,629,186,0,186,1001
DeepLog,standard,hdd/2024-01-23_06_hdd.csv,1.0,0.9997680787640343,175,188,0,118,481
DeepLog,standard,hdd/2024-01-23_07_hdd.csv,1.0,1.0,296,119,0,115,530
DeepLog,standard,hdd/2024-01-23_08_hdd.csv,1.0,1.0,362,302,0,173,837
DeepLog,standard,hdd/2024-01-23_09_hdd.csv,1.0,1.0,351,269,0,170,790
DeepLog,standard,hdd/2024-01-23_10_hdd.csv,1.0,1.0,175,408,0,5,588
DeepLog,standard,hdd/2024-01-23_11_hdd.csv,1.0,1.0,439,232,0,335,1006
DeepLog,standard,hdd/2024-01-23_12_hdd.csv,1.0,1.0,373,265,0,60,698
DeepLog,standard,hdd/2024-01-23_13_hdd.csv,1.0,0.9999295556521147,619,67,0,340,1026
DeepLog,standard,hdd/2024-01-23_14_hdd.csv,1.0,1.0,409,260,0,127,796
DeepLog,standard,hdd/2024-01-23_15_hdd.csv,1.0,1.0,494,295,0,72,861
DeepLog,standard,hdd/2024-01-23_16_hdd.csv,1.0,0.9998445753510472,318,257,0,118,693
DeepLog,standard,hdd/2024-01-23_17_hdd.csv,1.0,1.0,549,201,0,338,1088
DeepLog,standard,hdd/2024-01-24_01_hdd.csv,1.0,1.0,663,136,0,295,1094
DeepLog,standard,hdd/2024-01-24_02_hdd.csv,1.0,0.56,208,315,4,66,593
DeepLog,standard,hdd/2024-01-24_03_hdd.csv,1.0,1.0,637,298,0,293,1228
DeepLog,standard,hdd/2024-01-24_04_hdd.csv,1.0,1.0,642,239,0,344,1225
DeepLog,standard,hdd/2024-01-24_05_hdd.csv,1.0,0.89,670,41,1,130,842
DeepLog,standard,hdd/2024-01-24_06_hdd.csv,1.0,1.0,329,322,0,14,665
DeepLog,standard,hdd/2024-01-24_07_hdd.csv,1.0,1.0,328,269,0,67,664
DeepLog,standard,hdd/2024-01-24_08_hdd.csv,1.0,1.0,516,27,0,338,881
DeepLog,standard,hdd/2024-01-24_09_hdd.csv,1.0,1.0,153,252,0,60,465
DeepLog,standard,hdd/2024-01-24_10_hdd.csv,1.0,0.56,373,230,4,167,774
DeepLog,standard,hdd/2024-01-24_11_hdd.csv,1.0,1.0,142,328,0,57,527
DeepLog,standard,hdd/2024-01-24_12_hdd.csv,1.0,1.0,582,289,0,130,1001
DeepLog,standard,hdd/2024-01-24_13_hdd.csv,1.0,1.0,538,263,0,121,922
DeepLog,standard,hdd/2024-01-24_14_hdd.csv,1.0,0.9999134497084938,593,159,0,188,940
DeepLog,standard,hdd/2024-01-24_15_hdd.csv,1.0,1.0,384,143,0,173,700
DeepLog,standard,hdd/2024-01-24_16_hdd.csv,1.0,1.0,307,197,0,115,619
DeepLog,standard,hdd/2024-01-24_17_hdd.csv,1.0,1.0,235,375,0,66,676
DeepLog,standard,hdd/2024-01-25_01_hdd.csv,1.0,0.56,439,393,4,72,908
DeepLog,standard,hdd/2024-01-25_02_hdd.csv,1.0,0.9999060918259774,538,214,0,182,934
DeepLog,standard,hdd/2024-01-25_03_hdd.csv,1.0,0.6699999999999999,417,250,3,69,739
DeepLog,standard,hdd/2024-01-25_04_hdd.csv,1.0,1.0,175,209,0,60,444
DeepLog,standard,hdd/2024-01-25_05_hdd.csv,1.0,1.0,615,78,0,451,1144
DeepLog,standard,hdd/2024-01-25_06_hdd.csv,1.0,1.0,505,69,0,335,909
DeepLog,standard,hdd/2024-01-25_07_hdd.csv,1.0,1.0,252,319,0,118,689
DeepLog,standard,hdd/2024-01-25_08_hdd.csv,1.0,1.0,219,347,0,170,736
DeepLog,standard,hdd/2024-01-25_09_hdd.csv,1.0,1.0,219,344,0,60,623
DeepLog,standard,hdd/2024-01-25_10_hdd.csv,1.0,1.0,197,331,0,5,533
DeepLog,standard,hdd/2024-01-25_11_hdd.csv,1.0,0.6699999999999999,241,370,3,63,677
DeepLog,standard,hdd/2024-01-25_12_hdd.csv,1.0,0.9998210476574714,307,273,0,72,652
DeepLog,standard,oom/2024-03-04_04_oom-loop.csv,1.0,0.9946826061092024,2,478,0,13,493
DeepLog,standard,oom/2024-03-04_05_oom-loop.csv,1.0,0.9968833541279899,23,468,0,25,516
DeepLog,standard,oom/2024-03-04_06_oom-loop.csv,1.0,0.9946826061092024,3,471,0,12,486
DeepLog,standard,oom/2024-03-04_07_oom-loop.csv,1.0,0.9940643799993784,21,475,0,20,516
DeepLog,standard,oom/2024-03-04_08_oom-loop.csv,1.0,0.9966519629497367,22,464,0,23,509
DeepLog,standard,oom/2024-03-05_01_oom-loop.csv,1.0,-0.6535222977587808,22,495,15,21,553
DeepLog,standard,oom/2024-03-05_02_oom-loop.csv,1.0,0.9970206792428837,22,461,0,28,511
DeepLog,standard,oom/2024-03-05_03_oom-loop.csv,1.0,0.9963836172977597,22,469,0,20,511
DeepLog,standard,oom/2024-03-05_04_oom-loop.csv,1.0,0.9982976925875725,22,462,0,20,504
DeepLog,standard,oom/2024-03-05_05_oom-loop.csv,1.0,0.9950684143348539,3,474,0,13,490
DeepLog,standard,oom/2024-03-05_06_oom-loop.csv,1.0,0.995402341785459,4,478,0,13,495
DeepLog,standard,oom/2024-03-05_07_oom-loop.csv,1.0,0.9968833541279899,22,469,0,26,517
DeepLog,standard,oom/2024-03-05_08_oom-loop.csv,1.0,0.9980519511569454,21,466,0,16,503
DeepLog,standard,oom/2024-03-05_09_oom-loop.csv,1.0,0.9942319149831474,2,469,0,12,483
DeepLog,standard,oom/2024-03-05_10_oom-loop.csv,1.0,0.9946826061092024,2,474,0,13,489
DeepLog,standard,oom/2024-03-05_11_oom-loop.csv,1.0,0.9961795921811424,21,466,0,19,506
DeepLog,standard,oom/2024-03-05_12_oom-loop.csv,1.0,0.9922746029605669,4,473,0,18,495
DeepLog,standard,oom/2024-03-05_13_oom-loop.csv,1.0,0.9930580530667207,3,474,0,9,486
DeepLog,standard,oom/2024-03-05_14_oom-loop.csv,1.0,0.9966519629497367,22,468,0,23,513
DeepLog,standard,oom/2024-03-05_15_oom-loop.csv,1.0,0.9922746029605669,3,471,0,19,493
DeepLog,standard,oom/2024-03-05_16_oom-loop.csv,1.0,0.997513931521477,26,464,0,33,523
DeepLog,standard,oom/2024-03-05_17_oom-loop.csv,1.0,0.9711698718078927,3,476,0,10,489
DeepLog,standard,oom/2024-03-05_18_oom-loop.csv,1.0,0.9942319149831474,21,470,0,21,512
DeepLog,standard,oom/2024-03-05_19_oom-loop.csv,1.0,0.9946826061092024,21,469,0,24,514
DeepLog,standard,oom/2024-03-06_01_oom-loop.csv,1.0,0.8883395916837187,22,460,1,21,504
DeepLog,standard,oom/2024-03-06_02_oom-loop.csv,1.0,0.9860450714481678,5,476,0,16,497
DeepLog,standard,oom/2024-03-06_03_oom-loop.csv,1.0,0.9889813393741121,6,469,0,19,494
DeepLog,standard,oom/2024-03-06_04_oom-loop.csv,1.0,0.9792785035416689,2,486,0,14,502
DeepLog,standard,oom/2024-03-06_05_oom-loop.csv,1.0,0.9968098489775766,21,457,0,26,504
DeepLog,standard,oom/2024-03-06_06_oom-loop.csv,1.0,-8.02545965517947,23,448,82,21,574
DeepLog,standard,oom/2024-03-06_07_oom-loop.csv,1.0,0.997262050415556,4,471,0,23,498
DeepLog,standard,oom/2024-03-06_08_oom-loop.csv,1.0,0.995402341785459,3,471,0,14,488
DeepLog,standard,oom/2024-03-06_09_oom-loop.csv,1.0,0.9982072217172748,23,465,0,17,505
DeepLog,standard,oom/2024-03-06_10_oom-loop.csv,1.0,0.9967328055494677,28,461,0,41,530
DeepLog,standard,oom/2024-03-12_01_oom-loop.csv,1.0,0.9826187336385557,3,494,0,9,506
DeepLog,standard,oom/2024-03-12_02_oom-loop.csv,1.0,0.990037716805386,1,481,0,8,490
DeepLog,standard,oom/2024-03-12_03_oom-loop.csv,1.0,0.9711698718078927,2,473,0,11,486
DeepLog,standard,oom/2024-03-12_04_oom-loop.csv,1.0,-0.7620059508563649,40,518,16,32,606
DeepLog,standard,oom/2024-03-12_05_oom-loop.csv,1.0,0.8869535586015209,22,489,1,27,539
DeepLog,standard,oom/2024-03-12_06_oom-loop.csv,1.0,0.9941071611667959,23,490,0,32,545
DeepLog,standard,oom/2024-03-12_07_oom-loop.csv,1.0,0.9980519511569454,40,482,0,34,556
DeepLog,standard,oom/2024-03-12_08_oom-loop.csv,1.0,0.9907081094724771,3,513,0,16,532
DeepLog,standard,oom/2024-03-13_01_oom-loop.csv,1.0,0.6690026744501856,26,517,3,44,590
DeepLog,standard,oom/2024-03-13_02_oom-loop.csv,1.0,0.9930580530667207,23,502,0,25,550
DeepLog,standard,oom/2024-03-13_03_oom-loop.csv,1.0,0.5515623280171633,23,495,4,18,540
DeepLog,standard,oom/2024-03-13_04_oom-loop.csv,1.0,0.8872620504155561,22,493,1,32,548
DeepLog,standard,oom/2024-03-13_05_oom-loop.csv,1.0,0.9950684143348539,4,509,0,12,525
DeepLog,standard,oom/2024-03-13_06_oom-loop.csv,1.0,-7.040734555967347,4,476,73,13,566
DeepLog,standard,oom/2024-03-13_07_oom-loop.csv,1.0,0.9930580530667207,4,504,0,20,528
DeepLog,standard,oom/2024-03-13_08_oom-loop.csv,1.0,0.9955038818612646,21,496,0,31,548
DeepLog,standard,oom/2024-03-13_09_oom-loop.csv,1.0,0.9962843910893292,21,501,0,20,542
DeepLog,standard,oom/2024-03-13_10_oom-loop.csv,1.0,0.8873164185838984,23,483,1,32,539
DeepLog,standard,oom/2024-03-13_11_oom-loop.csv,1.0,0.8883395916837187,23,493,1,20,537
DeepLog,standard,oom/2024-03-13_12_oom-loop.csv,1.0,0.887084914353851,23,504,1,28,556
DeepLog,standard,oom/2024-03-13_13_oom-loop.csv,1.0,-1.0951823039883612,21,525,19,25,590
DeepLog,standard,oom/2024-03-13_14_oom-loop.csv,1.0,0.9971464456296888,24,501,0,28,553
DeepLog,standard,oom/2024-03-13_15_oom-loop.csv,1.0,0.9892654440326626,4,520,0,13,537
DeepLog,standard,oom/2024-03-13_16_oom-loop.csv,1.0,0.9956941474729156,39,491,0,33,563
DeepLog,standard,oom/2024-03-13_17_oom-loop.csv,1.0,0.9869127393053416,3,502,0,19,524
DeepLog,standard,oom/2024-03-13_18_oom-loop.csv,1.0,-0.21092862979155513,38,485,11,37,571
DeepLog,standard,oom/2024-03-13_19_oom-loop.csv,1.0,0.9971464456296888,7,505,0,19,531
DeepLog,standard,oom/2024-03-13_20_oom-loop.csv,1.0,0.9984537753702432,22,495,0,24,541
DeepLog,standard,oom/2024-03-13_21_oom-loop.csv,1.0,0.9956941474729156,24,497,0,30,551
DeepLog,standard,oom/2024-03-13_22_oom-loop.csv,1.0,0.3367328055494677,4,539,6,19,568
DeepLog,standard,oom/2024-03-13_23_oom-loop.csv,1.0,0.9944663453837747,4,492,0,25,521
DeepLog,standard,oom/2024-03-14_01_oom-loop.csv,1.0,0.0751704822220896,3,0,0,460,463
DeepLog,standard,oom/2024-03-14_02_oom-loop.csv,1.0,0.007146445629688802,23,492,9,29,553
DeepLog,standard,oom/2024-03-14_03_oom-loop.csv,1.0,0.9956941474729156,3,510,0,15,528
DeepLog,standard,oom/2024-03-14_04_oom-loop.csv,1.0,0.9970849143538509,22,488,0,29,539
DeepLog,standard,oom/2024-03-14_05_oom-loop.csv,1.0,0.9960108777539164,39,494,0,38,571
DeepLog,standard,oom/2024-03-14_06_oom-loop.csv,1.0,0.9970206792428837,4,500,0,21,525
DeepLog,standard,oom/2024-03-14_07_oom-loop.csv,1.0,0.9946826061092024,5,509,0,25,539
DeepLog,standard,oom/2024-03-14_08_oom-loop.csv,1.0,0.9986676123597463,22,484,0,31,537
DeepLog,standard,oom/2024-03-14_09_oom-loop.csv,1.0,0.9968347316495513,38,495,0,33,566
DeepLog,standard,oom/2024-03-14_10_oom-loop.csv,1.0,0.9985836604612233,21,489,0,29,539
DeepLog,standard,oom/2024-03-14_11_oom-loop.csv,1.0,0.9971464456296888,4,500,0,22,526
DeepLog,standard,oom/2024-03-14_12_oom-loop.csv,1.0,0.8840643799993784,22,494,1,19,536
DeepLog,standard,oom/2024-03-14_13_oom-loop.csv,1.0,0.3386676123597463,57,472,6,49,584
DeepLog,standard,oom/2024-03-14_14_oom-loop.csv,1.0,0.9970849143538509,22,487,0,29,538
DeepLog,standard,oom/2024-03-14_15_oom-loop.csv,1.0,0.9971464456296888,21,499,0,31,551
DeepLog,standard,oom/2024-03-14_16_oom-loop.csv,1.0,0.9971464456296888,4,511,0,22,537
DeepLog,standard,oom/2024-03-14_17_oom-loop.csv,1.0,0.9981582865097697,39,480,0,39,558
DeepLog,standard,oom/2024-03-14_18_oom-loop.csv,1.0,0.9942319149831474,4,500,0,24,528
DeepLog,standard,oom/2024-03-14_19_oom-loop.csv,1.0,0.9945403448205351,21,498,0,23,542
DeepLog,standard,oom/2024-03-14_20_oom-loop.csv,1.0,0.9936986375223369,2,508,0,11,521
DeepLog,standard,oom/2024-03-14_21_oom-loop.csv,1.0,0.9912952980422967,3,500,0,17,520
DeepLog,standard,oom/2024-03-14_22_oom-loop.csv,1.0,0.9965670340739322,4,501,0,18,523
DeepLog,standard,oom/2024-03-14_23_oom-loop.csv,1.0,0.9939769448736142,4,498,0,23,525
DeepLog,standard,oom/2024-03-14_24_oom-loop.csv,1.0,0.8868833541279899,4,507,1,20,532
DeepLog,standard,oom/2024-03-14_25_oom-loop.csv,1.0,0.6673686747194021,4,501,3,24,532
DeepLog,standard,oom/2024-03-14_26_oom-loop.csv,1.0,0.8879326052936022,38,492,1,32,563
DeepLog,standard,oom/2024-03-14_27_oom-loop.csv,1.0,0.9971464456296888,23,497,0,29,549
DeepLog,standard,oom/2024-03-14_28_oom-loop.csv,1.0,0.8864777022412198,22,488,1,21,532
DeepLog,standard,oom/2024-03-14_29_oom-loop.csv,1.0,0.9956941474729156,22,498,0,32,552
DeepLog,standard,oom/2024-03-14_30_oom-loop.csv,1.0,0.9912952980422967,4,501,0,16,521
DeepLog,standard,oom/2024-03-14_31_oom-loop.csv,1.0,0.8869535586015209,22,489,1,27,539
DeepLog,standard,oom/2024-03-14_32_oom-loop.csv,1.0,0.9942319149831474,5,507,0,23,535
DeepLog,standard,oom/2024-03-14_33_oom-loop.csv,1.0,0.9932299698717402,23,500,0,26,549
DeepLog,standard,oom/2024-03-14_34_oom-loop.csv,1.0,0.9975588584406482,4,503,0,26,533
DeepLog,standard,oom/2024-03-14_35_oom-loop.csv,1.0,0.9971464456296888,39,498,0,39,576
DeepLog,standard,oom/2024-03-14_36_oom-loop.csv,1.0,0.9971464456296888,4,504,0,22,530
DeepLog,standard,oom/2024-03-14_37_oom-loop.csv,1.0,0.9942319149831474,3,505,0,25,533
DeepLog,standard,oom/2024-03-14_38_oom-loop.csv,1.0,0.8865670340739322,4,493,1,18,516
DeepLog,standard,oom/2024-03-14_39_oom-loop.csv,1.0,-0.10248606847852304,22,491,10,37,560
DeepLog,standard,oom/2024-03-14_40_oom-loop.csv,1.0,0.8865670340739322,22,493,1,22,538
DeepLog,standard,oom/2024-03-14_41_oom-loop.csv,1.0,0.9955038818612646,22,499,0,30,551
DeepLog,standard,oom/2024-03-14_42_oom-loop.csv,1.0,0.9997961439277142,225,407,0,108,740
DeepLog,standard,oom/2024-03-14_43_oom-loop.csv,1.0,0.9876813556698257,4,506,0,19,529
DeepLog,standard,oom/2024-03-14_44_oom-loop.csv,1.0,0.9971464456296888,21,496,0,31,548
DeepLog,standard,oom/2024-03-14_45_oom-loop.csv,1.0,0.888553277075441,21,492,1,28,542
DeepLog,standard,oom/2024-03-15_01_oom-loop.csv,1.0,0.5582307280797916,39,489,4,42,574
DeepLog,standard,oom/2024-03-15_02_oom-loop.csv,1.0,-0.12414854491069349,5,562,10,24,601
DeepLog,standard,oom/2024-03-15_03_oom-loop.csv,1.0,0.8883794798316293,21,497,1,23,542
DeepLog,standard,oom/2024-03-15_04_oom-loop.csv,1.0,0.8879940491436358,38,487,1,34,560
DeepLog,standard,oom/2024-03-15_05_oom-loop.csv,1.0,0.6622746029605668,4,495,3,18,520
DeepLog,standard,oom/2024-03-15_06_oom-loop.csv,1.0,0.9968098489775766,23,507,0,24,554
DeepLog,standard,oom/2024-03-15_07_oom-loop.csv,1.0,0.8854023417854591,3,511,1,14,529
DeepLog,standard,oom/2024-03-15_08_oom-loop.csv,1.0,0.9957614324988092,41,494,0,32,567
DeepLog,standard,oom/2024-03-15_09_oom-loop.csv,1.0,0.8863836172977597,21,497,1,21,540
DeepLog,standard,oom/2024-03-15_10_oom-loop.csv,1.0,0.995951295940012,3,504,0,16,523
DeepLog,standard,oom/2024-03-15_11_oom-loop.csv,1.0,0.9968098489775766,21,495,0,26,542
DeepLog,standard,oom/2024-03-15_12_oom-loop.csv,1.0,0.8839769448736142,7,500,1,20,528
DeepLog,standard,oom/2024-03-15_13_oom-loop.csv,1.0,0.8873686747194021,23,503,1,33,560
DeepLog,standard,oom/2024-03-15_14_oom-loop.csv,1.0,0.946912045048215,307,0,0,567,874
DeepLog,standard,oom/2024-03-15_15_oom-loop.csv,1.0,0.9950684143348539,22,493,0,26,541
DeepLog,standard,oom/2024-03-15_16_oom-loop.csv,1.0,0.9883666799890217,4,513,0,20,537
DeepLog,standard,oom/2024-03-15_17_oom-loop.csv,1.0,0.21261873363855566,3,536,7,15,561
DeepLog,standard,oom/2024-03-15_18_oom-loop.csv,1.0,0.9912952980422967,3,503,0,17,523
DeepLog,standard,oom/2024-03-15_19_oom-loop.csv,1.0,0.8873164185838984,24,486,1,31,542
DeepLog,standard,oom/2024-03-15_20_oom-loop.csv,1.0,0.9971464456296888,40,488,0,38,566
DeepLog,standard,oom/2024-03-15_21_oom-loop.csv,1.0,0.9971464456296888,3,498,0,23,524
DeepLog,standard,oom/2024-03-15_22_oom-loop.csv,1.0,0.9949461401674996,21,508,0,26,555
DeepLog,standard,oom/2024-03-15_23_oom-loop.csv,1.0,0.9974673237743695,4,503,0,25,532
DeepLog,standard,oom/2024-03-15_24_oom-loop.csv,1.0,0.9968833541279899,23,497,0,25,545
DeepLog,standard,oom/2024-03-15_25_oom-loop.csv,1.0,0.8866519629497367,23,488,1,22,534
DeepLog,standard,oom/2024-03-15_26_oom-loop.csv,1.0,0.5581830831346692,41,502,4,38,585
Totals,,,,353.06093371860703,88932,434155,1682,141016,665785
